participant_id	trial	coherence	direction	response_time	correct
test1	1	1	2	0.9559631	1
test1	2	1	0	0.5042496	1
test1	3	1	0	0.8091431	1
test1	4	1	2	0.4287186	1
test1	5	1	2	0.6243057	1
test1	6	1	2	0.6178665	1
test1	7	1	0	0.4816666	1
test1	8	1	0	0.9887619	1
test1	9	1	2	0.3622208	1
test1	10	1	0	0.5659637	1
test1	11	1	2	0.4088669	1
test1	12	1	0	0.3972931	1
